{ "Product 1": [42.276614068456006, 7.2322442286497965], "Product 2": [262.1794451215836, 2.954907732925716]}